BMT:4th Avenue:25 St:R:40.660323:-73.997952:wiki:mta:misc:bmt-4th-avenue-25-st:1
BMT:4th Avenue:36 St:N,R:40.654365:-74.004113:wiki:mta:misc:bmt-4th-avenue-36-st:1
BMT:4th Avenue:4 Av-9 St:F,G,R:40.670387:-73.988480:wiki:mta:misc:bmt-4th-avenue-4-av-9-st:1
BMT:4th Avenue:45 St:R:40.649389:-74.009333:wiki:mta:misc:bmt-4th-avenue-45-st:1
BMT:4th Avenue:53 St:R:40.645619:-74.013688:wiki:mta:misc:bmt-4th-avenue-53-st:1
BMT:4th Avenue:59 St:N,R:40.641633:-74.017362:wiki:mta:misc:bmt-4th-avenue-59-st:1
BMT:4th Avenue:77 St:R:40.629503:-74.025452:wiki:mta:misc:bmt-4th-avenue-77-st:1
BMT:4th Avenue:86 St:R:40.623498:-74.028204:wiki:mta:misc:bmt-4th-avenue-86-st:1
BMT:4th Avenue:95 St:R:40.617363:-74.030404:wiki:mta:misc:bmt-4th-avenue-95-st:1
BMT:4th Avenue:Atlantic Av-Pacific St:B,D,N,Q,R,2,3,4,5:40.683928:-73.978412:wiki:mta:misc:bmt-4th-avenue-atlantic-av-pacific-st:1
BMT:4th Avenue:Bay Ridge Av:R:40.635468:-74.023313:wiki:mta:misc:bmt-4th-avenue-bay-ridge-av:1
BMT:4th Avenue:DeKalb Av:Q,R:40.689817:-73.981082:wiki:mta:misc:bmt-4th-avenue-dekalb-av:1
BMT:4th Avenue:Prospect Av:R:40.665299:-73.992729:wiki:mta:misc:bmt-4th-avenue-prospect-av:1
BMT:4th Avenue:Union St:R:40.677171:-73.983020:wiki:mta:misc:bmt-4th-avenue-union-st:1
BMT:Astoria:30 Av:N,Q:40.766963:-73.921192:wiki:mta:misc:bmt-astoria-30-av:1
BMT:Astoria:36 Av:N,Q:40.756796:-73.929740:wiki:mta:misc:bmt-astoria-36-av:1
BMT:Astoria:39 Av:N,Q:40.752901:-73.932903:wiki:mta:misc:bmt-astoria-39-av:1
BMT:Astoria:Astoria Blvd:N,Q:40.770870:-73.916935:wiki:mta:misc:bmt-astoria-astoria-blvd:1
BMT:Astoria:Astoria-Ditmars Blvd:N,Q:40.775025:-73.911891:wiki:mta:misc:bmt-astoria-astoria-ditmars-blvd:1
BMT:Astoria:Broadway:N,Q:40.762217:-73.925349:wiki:mta:misc:bmt-astoria-broadway:1
BMT:Brighton:7 Av:B,Q:40.677324:-73.972212:wiki:mta:misc:bmt-brighton-7-av:1
BMT:Brighton:Atlantic Av:B,D,N,Q,R,2,3,4,5:40.685222:-73.977628:wiki:mta:misc:bmt-brighton-atlantic-av:1
BMT:Brighton:Avenue H:B,Q:40.629884:-73.961882:wiki:mta:misc:bmt-brighton-avenue-h:1
BMT:Brighton:Avenue J:B,Q:40.625140:-73.960798:wiki:mta:misc:bmt-brighton-avenue-j:1
BMT:Brighton:Avenue M:B,Q:40.617928:-73.959454:wiki:mta:misc:bmt-brighton-avenue-m:1
BMT:Brighton:Avenue U:B,Q:40.598991:-73.955828:wiki:mta:misc:bmt-brighton-avenue-u:1
BMT:Brighton:Beverly Rd:B,Q:40.644272:-73.964528:wiki:mta:misc:bmt-brighton-beverly-rd:1
BMT:Brighton:Brighton Beach:B,Q:40.577986:-73.960258:wiki:mta:misc:bmt-brighton-brighton-beach:1
BMT:Brighton:Church Av:B,Q:40.649427:-73.963356:wiki:mta:misc:bmt-brighton-church-av:1
BMT:Brighton:Cortelyou Rd:B,Q:40.641314:-73.963996:wiki:mta:misc:bmt-brighton-cortelyou-rd:1
BMT:Brighton:Kings Hwy:B,Q:40.608835:-73.957769:wiki:mta:misc:bmt-brighton-kings-hwy:1
BMT:Brighton:Neck Rd:B,Q:40.595020:-73.955120:wiki:mta:misc:bmt-brighton-neck-rd:1
BMT:Brighton:Newkirk Av:B,Q:40.635034:-73.962736:wiki:mta:misc:bmt-brighton-newkirk-av:1
BMT:Brighton:Ocean Pkwy:Q:40.576234:-73.967561:wiki:mta:misc:bmt-brighton-ocean-pkwy:1
BMT:Brighton:Parkside Av:B,Q:40.655221:-73.961516:wiki:mta:misc:bmt-brighton-parkside-av:1
BMT:Brighton:Prospect Park:B,Q,FS:40.662727:-73.962249:wiki:mta:misc:bmt-brighton-prospect-park:1
BMT:Brighton:Sheepshead Bay:B,Q:40.585734:-73.954371:wiki:mta:misc:bmt-brighton-sheepshead-bay:1
BMT:Broadway:14 St-Union Sq:L,N,Q,R,4,5,6:40.735184:-73.989793:wiki:mta:misc:bmt-broadway-14-st-union-sq:1
BMT:Broadway:23 St:N,R:40.741208:-73.989639:wiki:mta:misc:bmt-broadway-23-st:1
BMT:Broadway:28 St:N,R:40.745089:-73.988472:wiki:mta:misc:bmt-broadway-28-st:1
BMT:Broadway:34 St-Herald Sq:B,D,F,M,N,Q,R:40.749891:-73.987495:wiki:mta:misc:bmt-broadway-34-st-herald-sq:1
BMT:Broadway:49 St:N,Q,R:40.760454:-73.983388:wiki:mta:misc:bmt-broadway-49-st:1
BMT:Broadway:57 St-7 Av:N,Q,R:40.765639:-73.979764:wiki:mta:misc:bmt-broadway-57-st-7-av:1
BMT:Broadway:5th Av/59 St:N,Q,R:40.764657:-73.972229:wiki:mta:misc:bmt-broadway-5th-av59-st:1
BMT:Broadway:8 St-NYU:N,R:40.730578:-73.992216:wiki:mta:misc:bmt-broadway-8-st-nyu:1
BMT:Broadway:Canal St:J,N,Q,R,Z,6:40.719498:-74.001606:wiki:mta:misc:bmt-broadway-canal-st:1
BMT:Broadway:City Hall:R:40.713521:-74.006697:wiki:mta:misc:bmt-broadway-city-hall:1
BMT:Broadway:Cortlandt St:R:40.711065:-74.010644:wiki:mta:misc:bmt-broadway-cortlandt-st:1
BMT:Broadway:Court St:R,2,3,4,5:40.694416:-73.992619:wiki:mta:misc:bmt-broadway-court-st:1
BMT:Broadway:Jay St-MetroTech:A,C,F,R:40.692315:-73.985172:wiki:mta:misc:bmt-broadway-jay-st-metrotech:1
BMT:Broadway:Lexington Av/59 St:N,Q,R,4,5,6:40.762255:-73.965918:wiki:mta:misc:bmt-broadway-lexington-av59-st:1
BMT:Broadway:Prince St:N,R:40.724220:-73.997633:wiki:mta:misc:bmt-broadway-prince-st:1
BMT:Broadway:Rector St:R:40.706345:-74.014000:wiki:mta:misc:bmt-broadway-rector-st:1
BMT:Broadway:Times Sq-42 St:A,C,E,N,Q,R,GS,1,2,3,7:40.754301:-73.986623:wiki:mta:misc:bmt-broadway-times-sq-42-st:1
BMT:Broadway:Whitehall St-South Ferry:R,1:40.701938:-74.012588:wiki:mta:misc:bmt-broadway-whitehall-st-south-ferry:1
BMT:Canarsie:1 Av:L:40.731397:-73.982112:wiki:mta:misc:bmt-canarsie-1-av:1
BMT:Canarsie:3 Av:L:40.733122:-73.986548:wiki:mta:misc:bmt-canarsie-3-av:1
BMT:Canarsie:6 Av:F,L,M,1,2,3:40.737149:-73.996578:wiki:mta:misc:bmt-canarsie-6-av:1
BMT:Canarsie:8 Av:A,C,E,L:40.739550:-74.002389:wiki:mta:misc:bmt-canarsie-8-av:1
BMT:Canarsie:Atlantic Av:L:40.675380:-73.902612:wiki:mta:misc:bmt-canarsie-atlantic-av:1
BMT:Canarsie:Bedford Av:L:40.717821:-73.957568:wiki:mta:misc:bmt-canarsie-bedford-av:1
BMT:Canarsie:Bushwick Av-Aberdeen St:L:40.682300:-73.905149:wiki:mta:misc:bmt-canarsie-bushwick-av-aberdeen-st:1
BMT:Canarsie:Canarsie-Rockaway Pkwy:L:40.645957:-73.901755:wiki:mta:misc:bmt-canarsie-canarsie-rockaway-pkwy:1
BMT:Canarsie:DeKalb Av:L:40.704379:-73.919026:wiki:mta:misc:bmt-canarsie-dekalb-av:1
BMT:Canarsie:East 105 St:L:40.651278:-73.898862:wiki:mta:misc:bmt-canarsie-east-105-st:1
BMT:Canarsie:Graham Av:L:40.714439:-73.944190:wiki:mta:misc:bmt-canarsie-graham-av:1
BMT:Canarsie:Grand St:L:40.711912:-73.940433:wiki:mta:misc:bmt-canarsie-grand-st:1
BMT:Canarsie:Halsey St:L:40.695201:-73.903764:wiki:mta:misc:bmt-canarsie-halsey-st:1
BMT:Canarsie:Jefferson St:L:40.707229:-73.923725:wiki:mta:misc:bmt-canarsie-jefferson-st:1
BMT:Canarsie:Livonia Av:L:40.663749:-73.900482:wiki:mta:misc:bmt-canarsie-livonia-av:1
BMT:Canarsie:Lorimer St:G,L:40.713908:-73.949262:wiki:mta:misc:bmt-canarsie-lorimer-st:1
BMT:Canarsie:Montrose Av:L:40.707819:-73.939749:wiki:mta:misc:bmt-canarsie-montrose-av:1
BMT:Canarsie:Morgan Av:L:40.706073:-73.933633:wiki:mta:misc:bmt-canarsie-morgan-av:1
BMT:Canarsie:Myrtle-Wyckoff Avs:L,M:40.699468:-73.910648:wiki:mta:misc:bmt-canarsie-myrtle-wyckoff-avs:1
BMT:Canarsie:New Lots Av:L:40.659041:-73.899409:wiki:mta:misc:bmt-canarsie-new-lots-av:1
BMT:Canarsie:Sutter Av:L:40.668527:-73.901765:wiki:mta:misc:bmt-canarsie-sutter-av:1
BMT:Canarsie:Wilson Av:L:40.688805:-73.904741:wiki:mta:misc:bmt-canarsie-wilson-av:1
BMT:Coney Island:Coney Island-Stillwell Av:D,F,N,Q:40.576900:-73.980846:wiki:mta:misc:bmt-coney-island-coney-island-stillwell-av:1
BMT:Coney Island:West 8 St-NY Aquarium:F,Q:40.575929:-73.976747:wiki:mta:misc:bmt-coney-island-west-8-st-ny-aquarium:1
BMT:Franklin Shuttle:Botanic Garden:FS,2,3,4,5:40.670588:-73.959093:wiki:mta:misc:bmt-franklin-shuttle-botanic-garden:1
BMT:Franklin Shuttle:Park Pl:FS:40.675208:-73.957591:wiki:mta:misc:bmt-franklin-shuttle-park-pl:1
BMT:Jamaica:104 St:J,Z:40.695267:-73.843223:wiki:mta:misc:bmt-jamaica-104-st:1
BMT:Jamaica:111 St:J:40.696771:-73.837042:wiki:mta:misc:bmt-jamaica-111-st:1
BMT:Jamaica:121 St:J,Z:40.700520:-73.829231:wiki:mta:misc:bmt-jamaica-121-st:1
BMT:Jamaica:75 St-Elderts Ln:J,Z:40.691285:-73.866425:wiki:mta:misc:bmt-jamaica-75-st-elderts-ln:1
BMT:Jamaica:85 St-Forest Pkwy:J:40.692381:-73.858975:wiki:mta:misc:bmt-jamaica-85-st-forest-pkwy:1
BMT:Jamaica:Alabama Av:J:40.676803:-73.899510:wiki:mta:misc:bmt-jamaica-alabama-av:1
BMT:Jamaica:Chauncey St:J,Z:40.683417:-73.911242:wiki:mta:misc:bmt-jamaica-chauncey-st:1
BMT:Jamaica:Cleveland St:J:40.679530:-73.885716:wiki:mta:misc:bmt-jamaica-cleveland-st:1
BMT:Jamaica:Crescent St:J,Z:40.683478:-73.872548:wiki:mta:misc:bmt-jamaica-crescent-st:1
BMT:Jamaica:Cypress Hills:J:40.690142:-73.871630:wiki:mta:misc:bmt-jamaica-cypress-hills:1
BMT:Jamaica:Flushing Av:J,M:40.700847:-73.941710:wiki:mta:misc:bmt-jamaica-flushing-av:1
BMT:Jamaica:Gates Av:J,Z:40.690142:-73.923062:wiki:mta:misc:bmt-jamaica-gates-av:1
BMT:Jamaica:Halsey St:J:40.685946:-73.915713:wiki:mta:misc:bmt-jamaica-halsey-st:1
BMT:Jamaica:Hewes St:J,M:40.707248:-73.954326:wiki:mta:misc:bmt-jamaica-hewes-st:1
BMT:Jamaica:Kosciusko St:J:40.692929:-73.927940:wiki:mta:misc:bmt-jamaica-kosciusko-st:1
BMT:Jamaica:Lorimer St:J,M:40.703454:-73.946536:wiki:mta:misc:bmt-jamaica-lorimer-st:1
BMT:Jamaica:Marcy Av:J,M,Z:40.708788:-73.958826:wiki:mta:misc:bmt-jamaica-marcy-av:1
BMT:Jamaica:Myrtle Av:J,M,Z:40.696893:-73.935461:wiki:mta:misc:bmt-jamaica-myrtle-av:1
BMT:Jamaica:Norwood Av:J,Z:40.681643:-73.878984:wiki:mta:misc:bmt-jamaica-norwood-av:1
BMT:Jamaica:Van Siclen Av:J,Z:40.677864:-73.891566:wiki:mta:misc:bmt-jamaica-van-siclen-av:1
BMT:Jamaica:Woodhaven Blvd:J,Z:40.694077:-73.850476:wiki:mta:misc:bmt-jamaica-woodhaven-blvd:1
BMT:Myrtle Avenue:Central Av:M:40.698033:-73.926371:wiki:mta:misc:bmt-myrtle-avenue-central-av:1
BMT:Myrtle Avenue:Forest Av:M:40.704729:-73.902243:wiki:mta:misc:bmt-myrtle-avenue-forest-av:1
BMT:Myrtle Avenue:Fresh Pond Rd:M:40.706115:-73.895559:wiki:mta:misc:bmt-myrtle-avenue-fresh-pond-rd:1
BMT:Myrtle Avenue:Knickerbocker Av:M:40.698717:-73.918655:wiki:mta:misc:bmt-myrtle-avenue-knickerbocker-av:1
BMT:Myrtle Avenue:Middle Village-Metropolitan Av:M:40.712082:-73.889540:wiki:mta:misc:bmt-myrtle-avenue-middle-village-metropolitan-av:1
BMT:Myrtle Avenue:Seneca Av:M:40.702780:-73.907515:wiki:mta:misc:bmt-myrtle-avenue-seneca-av:1
BMT:Nassau Loop:Bowery:J,Z:40.720291:-73.993411:wiki:mta:misc:bmt-nassau-loop-bowery:1
BMT:Nassau Loop:Broad St:J,Z:40.706911:-74.010494:wiki:mta:misc:bmt-nassau-loop-broad-st:1
BMT:Nassau Loop:Canal St:J,N,Q,R,Z,6:40.717823:-74.000326:wiki:mta:misc:bmt-nassau-loop-canal-st:1
BMT:Nassau Loop:Chambers St:J,Z,4,5,6:40.714199:-74.003187:wiki:mta:misc:bmt-nassau-loop-chambers-st:1
BMT:Nassau Loop:Delancey St-Essex St:F,J,M,Z:40.718410:-73.987181:wiki:mta:misc:bmt-nassau-loop-delancey-st-essex-st:1
BMT:Nassau Loop:Fulton St:A,C,J,Z,2,3,4,5:40.710211:-74.007584:wiki:mta:misc:bmt-nassau-loop-fulton-st:1
BMT:Sea Beach:18 Av:N:40.621306:-73.991469:wiki:mta:misc:bmt-sea-beach-18-av:1
BMT:Sea Beach:20 Av:N:40.617341:-73.984840:wiki:mta:misc:bmt-sea-beach-20-av:1
BMT:Sea Beach:8 Av:N:40.634552:-74.010726:wiki:mta:misc:bmt-sea-beach-8-av:1
BMT:Sea Beach:86 St:N:40.592724:-73.978227:wiki:mta:misc:bmt-sea-beach-86-st:1
BMT:Sea Beach:Avenue U:N:40.596459:-73.978943:wiki:mta:misc:bmt-sea-beach-avenue-u:1
BMT:Sea Beach:Bay Pkwy:N:40.610572:-73.981613:wiki:mta:misc:bmt-sea-beach-bay-pkwy:1
BMT:Sea Beach:Fort Hamilton Pkwy:N:40.630609:-74.004067:wiki:mta:misc:bmt-sea-beach-fort-hamilton-pkwy:1
BMT:Sea Beach:Kings Hwy:N:40.603212:-73.980199:wiki:mta:misc:bmt-sea-beach-kings-hwy:1
BMT:Sea Beach:New Utrecht Av:D,N:40.624246:-73.995962:wiki:mta:misc:bmt-sea-beach-new-utrecht-av:1
BMT:West End:18 Av:D:40.607602:-74.001491:wiki:mta:misc:bmt-west-end-18-av:1
BMT:West End:20 Av:D:40.604587:-73.998007:wiki:mta:misc:bmt-west-end-20-av:1
BMT:West End:25 Av:D:40.597889:-73.986958:wiki:mta:misc:bmt-west-end-25-av:1
BMT:West End:50 St:D:40.636405:-73.994673:wiki:mta:misc:bmt-west-end-50-st:1
BMT:West End:55 St:D:40.631389:-73.995262:wiki:mta:misc:bmt-west-end-55-st:1
BMT:West End:62 St:D,N:40.627299:-73.996465:wiki:mta:misc:bmt-west-end-62-st:1
BMT:West End:71 St:D:40.620360:-73.998550:wiki:mta:misc:bmt-west-end-71-st:1
BMT:West End:79 St:D:40.614018:-74.000378:wiki:mta:misc:bmt-west-end-79-st:1
BMT:West End:9 Av:D:40.646337:-73.994489:wiki:mta:misc:bmt-west-end-9-av:1
BMT:West End:Bay 50 St:D:40.588066:-73.983498:wiki:mta:misc:bmt-west-end-bay-50-st:1
BMT:West End:Bay Pkwy:D:40.601898:-73.993538:wiki:mta:misc:bmt-west-end-bay-pkwy:1
BMT:West End:Fort Hamilton Pkwy:D:40.641379:-73.994188:wiki:mta:misc:bmt-west-end-fort-hamilton-pkwy:1
IND:63rd Street:21 St-Queensbridge:F:40.754255:-73.941935:wiki:mta:misc:ind-63rd-street-21-st-queensbridge:1
IND:63rd Street:Lexington Av/63 St:F:40.764881:-73.966411:wiki:mta:misc:ind-63rd-street-lexington-av63-st:1
IND:63rd Street:Roosevelt Island:F:40.759016:-73.953505:wiki:mta:misc:ind-63rd-street-roosevelt-island:1
IND:6th Avenue:14 St:F,L,M,1,2,3:40.738678:-73.995632:wiki:mta:misc:ind-6th-avenue-14-st:1
IND:6th Avenue:2 Av:F:40.723200:-73.988863:wiki:mta:misc:ind-6th-avenue-2-av:1
IND:6th Avenue:23 St:F,M:40.742825:-73.992383:wiki:mta:misc:ind-6th-avenue-23-st:1
IND:6th Avenue:34 St-Herald Sq:B,D,F,M,N,Q,R:40.748950:-73.988623:wiki:mta:misc:ind-6th-avenue-34-st-herald-sq:1
IND:6th Avenue:42 St-Bryant Pk:B,D,F,M,7:40.754832:-73.983657:wiki:mta:misc:ind-6th-avenue-42-st-bryant-pk:1
IND:6th Avenue:47-50 Sts-Rockefeller Ctr:B,D,F,M:40.759953:-73.980117:wiki:mta:misc:ind-6th-avenue-47-50-sts-rockefeller-ctr:1
IND:6th Avenue:57 St:F:40.764564:-73.976830:wiki:mta:misc:ind-6th-avenue-57-st:1
IND:6th Avenue:B'way-Lafayette St:B,D,F,M:40.725499:-73.996387:wiki:mta:misc:ind-6th-avenue-bway-lafayette-st:1
IND:6th Avenue:Delancey St-Essex St:F,J,M,Z:40.718841:-73.987902:wiki:mta:misc:ind-6th-avenue-delancey-st-essex-st:1
IND:6th Avenue:East Broadway:F:40.714404:-73.989918:wiki:mta:misc:ind-6th-avenue-east-broadway:1
IND:6th Avenue:Grand St:B,D:40.718155:-73.993452:wiki:mta:misc:ind-6th-avenue-grand-st:1
IND:6th Avenue:York St:F:40.701380:-73.986655:wiki:mta:misc:ind-6th-avenue-york-st:1
IND:8th Avenue:103 St:B,C:40.796263:-73.961610:wiki:mta:misc:ind-8th-avenue-103-st:1
IND:8th Avenue:116 St:B,C:40.804428:-73.955024:wiki:mta:misc:ind-8th-avenue-116-st:1
IND:8th Avenue:125 St:A,B,C,D:40.811858:-73.951351:wiki:mta:misc:ind-8th-avenue-125-st:1
IND:8th Avenue:135 St:B,C:40.817188:-73.947665:wiki:mta:misc:ind-8th-avenue-135-st:1
IND:8th Avenue:14 St:A,C,E,L:40.741046:-74.001284:wiki:mta:misc:ind-8th-avenue-14-st:1
IND:8th Avenue:145 St:A,B,C,D:40.825581:-73.943444:wiki:mta:misc:ind-8th-avenue-145-st:1
IND:8th Avenue:155 St:C:40.830921:-73.941100:wiki:mta:misc:ind-8th-avenue-155-st:1
IND:8th Avenue:163 St-Amsterdam Av:C:40.835192:-73.940146:wiki:mta:misc:ind-8th-avenue-163-st-amsterdam-av:1
IND:8th Avenue:168 St:A,C,1:40.841760:-73.939067:wiki:mta:misc:ind-8th-avenue-168-st:1
IND:8th Avenue:175 St:A:40.847859:-73.939303:wiki:mta:misc:ind-8th-avenue-175-st:1
IND:8th Avenue:181 St:A:40.852759:-73.936636:wiki:mta:misc:ind-8th-avenue-181-st:1
IND:8th Avenue:190 St:A:40.858899:-73.932702:wiki:mta:misc:ind-8th-avenue-190-st:1
IND:8th Avenue:23 St:C,E:40.746483:-73.997142:wiki:mta:misc:ind-8th-avenue-23-st:1
IND:8th Avenue:34 St-Penn Station:A,C,E:40.751996:-73.993327:wiki:mta:misc:ind-8th-avenue-34-st-penn-station:1
IND:8th Avenue:42 St-Port Authority Bus Terminal:A,C,E,N,Q,R,GS,1,2,3,7:40.758401:-73.988673:wiki:mta:misc:ind-8th-avenue-42-st-port-authority-bus-terminal:1
IND:8th Avenue:50 St:C,E:40.762900:-73.985412:wiki:mta:misc:ind-8th-avenue-50-st:1
IND:8th Avenue:59 St-Columbus Circle:A,B,C,D,1:40.767367:-73.982137:wiki:mta:misc:ind-8th-avenue-59-st-columbus-circle:1
IND:8th Avenue:72 St:B,C:40.776431:-73.975977:wiki:mta:misc:ind-8th-avenue-72-st:1
IND:8th Avenue:81 St-Museum of Natural History:B,C:40.782254:-73.971741:wiki:mta:misc:ind-8th-avenue-81-st-museum-of-natural-history:1
IND:8th Avenue:86 St:B,C:40.786769:-73.968448:wiki:mta:misc:ind-8th-avenue-86-st:1
IND:8th Avenue:96 St:B,C:40.792591:-73.964316:wiki:mta:misc:ind-8th-avenue-96-st:1
IND:8th Avenue:Canal St:A,C,E:40.720758:-74.005399:wiki:mta:misc:ind-8th-avenue-canal-st:1
IND:8th Avenue:Cathedral Pkwy (110 St):B,C:40.800866:-73.958405:wiki:mta:misc:ind-8th-avenue-cathedral-pkwy-110-st:1
IND:8th Avenue:Chambers St:A,C,E,2,3:40.714992:-74.007739:wiki:mta:misc:ind-8th-avenue-chambers-st:1
IND:8th Avenue:Dyckman St:A:40.865342:-73.926964:wiki:mta:misc:ind-8th-avenue-dyckman-st:1
IND:8th Avenue:Fulton St:A,C,J,Z,2,3,4,5:40.710692:-74.008428:wiki:mta:misc:ind-8th-avenue-fulton-st:1
IND:8th Avenue:High St:A,C:40.699405:-73.991413:wiki:mta:misc:ind-8th-avenue-high-st:1
IND:8th Avenue:Inwood-207 St:A:40.868036:-73.919284:wiki:mta:misc:ind-8th-avenue-inwood-207-st:1
IND:8th Avenue:Spring St:C,E:40.725583:-74.003747:wiki:mta:misc:ind-8th-avenue-spring-st:1
IND:8th Avenue:W 4 St-Wash Sq:A,B,C,D,E,F,M:40.733259:-73.999615:wiki:mta:misc:ind-8th-avenue-w-4-st-wash-sq:1
IND:8th Avenue:World Trade Center:A,C,E,2,3:40.713333:-74.009033:wiki:mta:misc:ind-8th-avenue-world-trade-center:1
IND:Archer Avenue:Jamaica Center-Parsons/Archer:E,J,Z:40.701874:-73.801747:wiki:mta:misc:ind-archer-avenue-jamaica-center-parsonsarcher:1
IND:Archer Avenue:Jamaica-Van Wyck:E:40.701263:-73.816372:wiki:mta:misc:ind-archer-avenue-jamaica-van-wyck:1
IND:Archer Avenue:Sutphin Blvd-Archer Av-JFK Airport:E,J,Z:40.700554:-73.807353:wiki:mta:misc:ind-archer-avenue-sutphin-blvd-archer-av-jfk-airport:1
IND:Concourse:155 St:B,D:40.830313:-73.936687:wiki:mta:misc:ind-concourse-155-st:1
IND:Concourse:161 St-Yankee Stadium:B,D,4:40.828011:-73.925588:wiki:mta:misc:ind-concourse-161-st-yankee-stadium:1
IND:Concourse:167 St:B,D:40.834609:-73.917245:wiki:mta:misc:ind-concourse-167-st:1
IND:Concourse:170 St:B,D:40.839751:-73.912743:wiki:mta:misc:ind-concourse-170-st:1
IND:Concourse:174-175 Sts:B,D:40.846354:-73.909047:wiki:mta:misc:ind-concourse-174-175-sts:1
IND:Concourse:182-183 Sts:B,D:40.856039:-73.900449:wiki:mta:misc:ind-concourse-182-183-sts:1
IND:Concourse:Bedford Park Blvd:B,D:40.874025:-73.886466:wiki:mta:misc:ind-concourse-bedford-park-blvd:1
IND:Concourse:Fordham Rd:B,D:40.862608:-73.896662:wiki:mta:misc:ind-concourse-fordham-rd:1
IND:Concourse:Kingsbridge Rd:B,D:40.867688:-73.892739:wiki:mta:misc:ind-concourse-kingsbridge-rd:1
IND:Concourse:Norwood-205 St:D:40.874902:-73.879267:wiki:mta:misc:ind-concourse-norwood-205-st:1
IND:Concourse:Tremont Av:B,D:40.851176:-73.904263:wiki:mta:misc:ind-concourse-tremont-av:1
IND:Crosstown:21 St:G:40.744552:-73.948425:wiki:mta:misc:ind-crosstown-21-st:1
IND:Crosstown:Bedford-Nostrand Avs:G:40.689367:-73.954957:wiki:mta:misc:ind-crosstown-bedford-nostrand-avs:1
IND:Crosstown:Broadway:G:40.705114:-73.950062:wiki:mta:misc:ind-crosstown-broadway:1
IND:Crosstown:Classon Av:G:40.688781:-73.959871:wiki:mta:misc:ind-crosstown-classon-av:1
IND:Crosstown:Clinton-Washington Avs:G:40.688114:-73.967575:wiki:mta:misc:ind-crosstown-clinton-washington-avs:1
IND:Crosstown:Court Sq:E,G,M,7:40.747371:-73.944287:wiki:mta:misc:ind-crosstown-court-sq:1
IND:Crosstown:Flushing Av:G:40.699985:-73.949895:wiki:mta:misc:ind-crosstown-flushing-av:1
IND:Crosstown:Fulton St:G:40.687159:-73.976290:wiki:mta:misc:ind-crosstown-fulton-st:1
IND:Crosstown:Greenpoint Av:G:40.730122:-73.954049:wiki:mta:misc:ind-crosstown-greenpoint-av:1
IND:Crosstown:Metropolitan Av:G,L:40.713744:-73.951455:wiki:mta:misc:ind-crosstown-metropolitan-av:1
IND:Crosstown:Myrtle-Willoughby Avs:G:40.695500:-73.948960:wiki:mta:misc:ind-crosstown-myrtle-willoughby-avs:1
IND:Crosstown:Nassau Av:G:40.723765:-73.950566:wiki:mta:misc:ind-crosstown-nassau-av:1
IND:Culver:18 Av:F:40.628708:-73.976646:wiki:mta:misc:ind-culver-18-av:1
IND:Culver:Avenue I:F:40.624301:-73.975817:wiki:mta:misc:ind-culver-avenue-i:1
IND:Culver:Avenue N:F:40.614304:-73.973910:wiki:mta:misc:ind-culver-avenue-n:1
IND:Culver:Avenue P:F:40.609041:-73.972904:wiki:mta:misc:ind-culver-avenue-p:1
IND:Culver:Avenue U:F:40.596897:-73.973137:wiki:mta:misc:ind-culver-avenue-u:1
IND:Culver:Avenue X:F:40.590266:-73.974051:wiki:mta:misc:ind-culver-avenue-x:1
IND:Culver:Bay Pkwy:F:40.620825:-73.975138:wiki:mta:misc:ind-culver-bay-pkwy:1
IND:Culver:Ditmas Av:F:40.635389:-73.977914:wiki:mta:misc:ind-culver-ditmas-av:1
IND:Culver:Kings Hwy:F:40.603999:-73.972124:wiki:mta:misc:ind-culver-kings-hwy:1
IND:Culver:Neptune Av:F:40.580576:-73.974443:wiki:mta:misc:ind-culver-neptune-av:1
IND:Far Rockaway:Beach 25 St:A:40.599670:-73.761596:wiki:mta:misc:ind-far-rockaway-beach-25-st:1
IND:Far Rockaway:Beach 36 St:A:40.595469:-73.767919:wiki:mta:misc:ind-far-rockaway-beach-36-st:1
IND:Far Rockaway:Beach 44 St:A:40.592897:-73.775715:wiki:mta:misc:ind-far-rockaway-beach-44-st:1
IND:Far Rockaway:Beach 60 St:A:40.592292:-73.789153:wiki:mta:misc:ind-far-rockaway-beach-60-st:1
IND:Far Rockaway:Beach 67 St:A:40.591166:-73.796173:wiki:mta:misc:ind-far-rockaway-beach-67-st:1
IND:Far Rockaway:Far Rockaway-Mott Av:A:40.604657:-73.754178:wiki:mta:misc:ind-far-rockaway-far-rockaway-mott-av:1
IND:Fulton Street:Broadway Junction:A,C,J,L,Z:40.678334:-73.903922:wiki:mta:misc:ind-fulton-street-broadway-junction:1
IND:Fulton Street:Clinton-Washington Avs:C:40.683317:-73.966741:wiki:mta:misc:ind-fulton-street-clinton-washington-avs:1
IND:Fulton Street:Euclid Av:A,C:40.675533:-73.871742:wiki:mta:misc:ind-fulton-street-euclid-av:1
IND:Fulton Street:Franklin Av:C,FS:40.681256:-73.955590:wiki:mta:misc:ind-fulton-street-franklin-av:1
IND:Fulton Street:Hoyt-Schermerhorn:A,C,G:40.688396:-73.984216:wiki:mta:misc:ind-fulton-street-hoyt-schermerhorn:1
IND:Fulton Street:Jay St-MetroTech:A,C,F,R:40.693491:-73.987089:wiki:mta:misc:ind-fulton-street-jay-st-metrotech:1
IND:Fulton Street:Kingston-Throop Avs:A,C:40.679804:-73.941119:wiki:mta:misc:ind-fulton-street-kingston-throop-avs:1
IND:Fulton Street:Lafayette Av:C:40.685789:-73.972760:wiki:mta:misc:ind-fulton-street-lafayette-av:1
IND:Fulton Street:Liberty Av:A,C:40.674268:-73.896312:wiki:mta:misc:ind-fulton-street-liberty-av:1
IND:Fulton Street:Nostrand Av:A,C:40.680228:-73.949414:wiki:mta:misc:ind-fulton-street-nostrand-av:1
IND:Fulton Street:Ralph Av:A,C:40.678984:-73.921442:wiki:mta:misc:ind-fulton-street-ralph-av:1
IND:Fulton Street:Rockaway Av:A,C:40.678317:-73.913651:wiki:mta:misc:ind-fulton-street-rockaway-av:1
IND:Fulton Street:Shepherd Av:A,C:40.673970:-73.880667:wiki:mta:misc:ind-fulton-street-shepherd-av:1
IND:Fulton Street:Utica Av:A,C:40.679346:-73.931987:wiki:mta:misc:ind-fulton-street-utica-av:1
IND:Fulton Street:Van Siclen Av:A,C:40.672479:-73.890164:wiki:mta:misc:ind-fulton-street-van-siclen-av:1
IND:Liberty Avenue:104 St:A:40.681994:-73.836742:wiki:mta:misc:ind-liberty-avenue-104-st:1
IND:Liberty Avenue:111 St:A:40.683972:-73.832816:wiki:mta:misc:ind-liberty-avenue-111-st:1
IND:Liberty Avenue:80 St:A:40.679361:-73.860284:wiki:mta:misc:ind-liberty-avenue-80-st:1
IND:Liberty Avenue:88 St:A:40.679828:-73.850401:wiki:mta:misc:ind-liberty-avenue-88-st:1
IND:Liberty Avenue:Grant Av:A:40.676735:-73.865491:wiki:mta:misc:ind-liberty-avenue-grant-av:1
IND:Liberty Avenue:Ozone Park-Lefferts Blvd:A:40.685720:-73.827092:wiki:mta:misc:ind-liberty-avenue-ozone-park-lefferts-blvd:1
IND:Liberty Avenue:Rockaway Blvd:A:40.680158:-73.845131:wiki:mta:misc:ind-liberty-avenue-rockaway-blvd:1
IND:Prospect Park:15 St-Prospect Park:F,G:40.659436:-73.979951:wiki:mta:misc:ind-prospect-park-15-st-prospect-park:1
IND:Prospect Park:4 Av-9 St:F,G,R:40.670010:-73.989248:wiki:mta:misc:ind-prospect-park-4-av-9-st:1
IND:Prospect Park:7 Av:F,G:40.667004:-73.981331:wiki:mta:misc:ind-prospect-park-7-av:1
IND:Prospect Park:Bergen St:F,G:40.686727:-73.990269:wiki:mta:misc:ind-prospect-park-bergen-st:1
IND:Prospect Park:Carroll St:F,G:40.680944:-73.994247:wiki:mta:misc:ind-prospect-park-carroll-st:1
IND:Prospect Park:Church Av:F,G:40.642692:-73.979260:wiki:mta:misc:ind-prospect-park-church-av:1
IND:Prospect Park:Fort Hamilton Pkwy:F,G:40.651608:-73.975596:wiki:mta:misc:ind-prospect-park-fort-hamilton-pkwy:1
IND:Prospect Park:Smith-9 Sts:F,G:40.674725:-73.997505:wiki:mta:misc:ind-prospect-park-smith-9-sts:1
IND:Queens:169 St:F:40.709852:-73.794564:wiki:mta:misc:ind-queens-169-st:1
IND:Queens:36 St:M,R:40.751868:-73.930585:wiki:mta:misc:ind-queens-36-st:1
IND:Queens:46 St:M,R:40.756868:-73.914303:wiki:mta:misc:ind-queens-46-st:1
IND:Queens:5 Av/53 St:E,M:40.760373:-73.975562:wiki:mta:misc:ind-queens-5-av53-st:1
IND:Queens:63 Dr-Rego Park:M,R:40.730037:-73.861343:wiki:mta:misc:ind-queens-63-dr-rego-park:1
IND:Queens:65 St:M,R:40.749330:-73.897382:wiki:mta:misc:ind-queens-65-st:1
IND:Queens:67 Av:M,R:40.727073:-73.853226:wiki:mta:misc:ind-queens-67-av:1
IND:Queens:7 Av:B,D,E:40.762937:-73.981578:wiki:mta:misc:ind-queens-7-av:1
IND:Queens:75 Av:E,F:40.719061:-73.837916:wiki:mta:misc:ind-queens-75-av:1
IND:Queens:Briarwood-Van Wyck Blvd:F:40.709316:-73.819773:wiki:mta:misc:ind-queens-briarwood-van-wyck-blvd:1
IND:Queens:Court Sq-23 St:E,G,M,7:40.748195:-73.947163:wiki:mta:misc:ind-queens-court-sq-23-st:1
IND:Queens:Elmhurst Av:M,R:40.742937:-73.882708:wiki:mta:misc:ind-queens-elmhurst-av:1
IND:Queens:Forest Hills-71 Av:E,F,M,R:40.721916:-73.844352:wiki:mta:misc:ind-queens-forest-hills-71-av:1
IND:Queens:Grand Av-Newtown:M,R:40.736277:-73.876424:wiki:mta:misc:ind-queens-grand-av-newtown:1
IND:Queens:Jackson Heights-Roosevelt Av:E,F,M,R,7:40.747238:-73.892146:wiki:mta:misc:ind-queens-jackson-heights-roosevelt-av:1
IND:Queens:Jamaica-179 St:F:40.712581:-73.783377:wiki:mta:misc:ind-queens-jamaica-179-st:1
IND:Queens:Kew Gardens-Union Tpke:E,F:40.713663:-73.830011:wiki:mta:misc:ind-queens-kew-gardens-union-tpke:1
IND:Queens:Lexington Av/53 St:E,M,6:40.757636:-73.969623:wiki:mta:misc:ind-queens-lexington-av53-st:1
IND:Queens:Northern Blvd:M,R:40.753428:-73.906847:wiki:mta:misc:ind-queens-northern-blvd:1
IND:Queens:Parsons Blvd:F:40.707062:-73.804332:wiki:mta:misc:ind-queens-parsons-blvd:1
IND:Queens:Queens Plaza:E,M,R:40.748807:-73.937057:wiki:mta:misc:ind-queens-queens-plaza:1
IND:Queens:Steinway St:M,R:40.758279:-73.919433:wiki:mta:misc:ind-queens-steinway-st:1
IND:Queens:Sutphin Blvd:F:40.705341:-73.811860:wiki:mta:misc:ind-queens-sutphin-blvd:1
IND:Queens:Woodhaven Blvd:M,R:40.733555:-73.869588:wiki:mta:misc:ind-queens-woodhaven-blvd:1
IND:Rockaway:Aqueduct Racetrack:A:40.672190:-73.834446:wiki:mta:misc:ind-rockaway-aqueduct-racetrack:1
IND:Rockaway:Aqueduct-North Conduit Av:A:40.669339:-73.834721:wiki:mta:misc:ind-rockaway-aqueduct-north-conduit-av:1
IND:Rockaway:Beach 105 St:H:40.583248:-73.827163:wiki:mta:misc:ind-rockaway-beach-105-st:1
IND:Rockaway:Beach 90 St:H:40.587929:-73.813755:wiki:mta:misc:ind-rockaway-beach-90-st:1
IND:Rockaway:Beach 98 St:H:40.585342:-73.820249:wiki:mta:misc:ind-rockaway-beach-98-st:1
IND:Rockaway:Broad Channel:A,H:40.608007:-73.815967:wiki:mta:misc:ind-rockaway-broad-channel:1
IND:Rockaway:Howard Beach-JFK Airport:A:40.660372:-73.830369:wiki:mta:misc:ind-rockaway-howard-beach-jfk-airport:1
IND:Rockaway:Rockaway Park-Beach 116 St:H:40.580510:-73.837418:wiki:mta:misc:ind-rockaway-rockaway-park-beach-116-st:1
IRT:7th Ave-Bway:103 St:1:40.799584:-73.968091:wiki:mta:misc:irt-7th-ave-bway-103-st:1
IRT:7th Ave-Bway:116 St-Columbia University:1:40.808245:-73.963495:wiki:mta:misc:irt-7th-ave-bway-116-st-columbia-university:1
IRT:7th Ave-Bway:125 St:1:40.815230:-73.958366:wiki:mta:misc:irt-7th-ave-bway-125-st:1
IRT:7th Ave-Bway:137 St-City College:1:40.821454:-73.953856:wiki:mta:misc:irt-7th-ave-bway-137-st-city-college:1
IRT:7th Ave-Bway:14 St:F,L,M,1,2,3:40.738585:-73.999405:wiki:mta:misc:irt-7th-ave-bway-14-st:1
IRT:7th Ave-Bway:145 St:1:40.826513:-73.950162:wiki:mta:misc:irt-7th-ave-bway-145-st:1
IRT:7th Ave-Bway:157 St:1:40.833860:-73.944620:wiki:mta:misc:irt-7th-ave-bway-157-st:1
IRT:7th Ave-Bway:168 St:A,C,1:40.840717:-73.939720:wiki:mta:misc:irt-7th-ave-bway-168-st:1
IRT:7th Ave-Bway:18 St:1:40.741617:-73.997197:wiki:mta:misc:irt-7th-ave-bway-18-st:1
IRT:7th Ave-Bway:181 St:1:40.849435:-73.933428:wiki:mta:misc:irt-7th-ave-bway-181-st:1
IRT:7th Ave-Bway:191 St:1:40.856413:-73.932605:wiki:mta:misc:irt-7th-ave-bway-191-st:1
IRT:7th Ave-Bway:207 St:1:40.864599:-73.918681:wiki:mta:misc:irt-7th-ave-bway-207-st:1
IRT:7th Ave-Bway:215 St:1:40.869729:-73.914954:wiki:mta:misc:irt-7th-ave-bway-215-st:1
IRT:7th Ave-Bway:23 St:1:40.744120:-73.995348:wiki:mta:misc:irt-7th-ave-bway-23-st:1
IRT:7th Ave-Bway:231 St:1:40.879091:-73.904538:wiki:mta:misc:irt-7th-ave-bway-231-st:1
IRT:7th Ave-Bway:238 St:1:40.885226:-73.900439:wiki:mta:misc:irt-7th-ave-bway-238-st:1
IRT:7th Ave-Bway:28 St:1:40.747216:-73.993121:wiki:mta:misc:irt-7th-ave-bway-28-st:1
IRT:7th Ave-Bway:34 St-Penn Station:1,2,3:40.751020:-73.990323:wiki:mta:misc:irt-7th-ave-bway-34-st-penn-station:1
IRT:7th Ave-Bway:50 St:1:40.761212:-73.983357:wiki:mta:misc:irt-7th-ave-bway-50-st:1
IRT:7th Ave-Bway:59 St-Columbus Circle:A,B,C,D,1:40.768777:-73.982106:wiki:mta:misc:irt-7th-ave-bway-59-st-columbus-circle:1
IRT:7th Ave-Bway:66 St-Lincoln Center:1:40.773457:-73.982004:wiki:mta:misc:irt-7th-ave-bway-66-st-lincoln-center:1
IRT:7th Ave-Bway:72 St:1,2,3:40.779146:-73.981822:wiki:mta:misc:irt-7th-ave-bway-72-st:1
IRT:7th Ave-Bway:79 St:1:40.783985:-73.979662:wiki:mta:misc:irt-7th-ave-bway-79-st:1
IRT:7th Ave-Bway:86 St:1:40.788272:-73.976083:wiki:mta:misc:irt-7th-ave-bway-86-st:1
IRT:7th Ave-Bway:96 St:1,2,3:40.794312:-73.972015:wiki:mta:misc:irt-7th-ave-bway-96-st:1
IRT:7th Ave-Bway:Canal St:1:40.722497:-74.005994:wiki:mta:misc:irt-7th-ave-bway-canal-st:1
IRT:7th Ave-Bway:Cathedral Pkwy (110 St):1:40.804257:-73.966422:wiki:mta:misc:irt-7th-ave-bway-cathedral-pkwy-110-st:1
IRT:7th Ave-Bway:Chambers St:1,2,3:40.715576:-74.009031:wiki:mta:misc:irt-7th-ave-bway-chambers-st:1
IRT:7th Ave-Bway:Christopher St-Sheridan Sq:1:40.733402:-74.002748:wiki:mta:misc:irt-7th-ave-bway-christopher-st-sheridan-sq:1
IRT:7th Ave-Bway:Dyckman St:1:40.861187:-73.925078:wiki:mta:misc:irt-7th-ave-bway-dyckman-st:1
IRT:7th Ave-Bway:Franklin St:1:40.719918:-74.006620:wiki:mta:misc:irt-7th-ave-bway-franklin-st:1
IRT:7th Ave-Bway:Houston St:1:40.728656:-74.005086:wiki:mta:misc:irt-7th-ave-bway-houston-st:1
IRT:7th Ave-Bway:Marble Hill-225 St:1:40.874308:-73.909795:wiki:mta:misc:irt-7th-ave-bway-marble-hill-225-st:1
IRT:7th Ave-Bway:Rector St:1:40.708107:-74.013445:wiki:mta:misc:irt-7th-ave-bway-rector-st:1
IRT:7th Ave-Bway:South Ferry:R,1:40.701961:-74.013397:wiki:mta:misc:irt-7th-ave-bway-south-ferry:1
IRT:7th Ave-Bway:Times Sq-42 St:A,C,E,N,Q,R,GS,1,2,3,7:40.755021:-73.986866:wiki:mta:misc:irt-7th-ave-bway-times-sq-42-st:1
IRT:7th Ave-Bway:Van Cortlandt Park-242 St:1:40.889946:-73.897798:wiki:mta:misc:irt-7th-ave-bway-van-cortlandt-park-242-st:1
IRT:Clark Street:Borough Hall:R,2,3,4,5:40.693838:-73.990119:wiki:mta:misc:irt-clark-street-borough-hall:1
IRT:Clark Street:Clark St:2,3:40.697649:-73.993060:wiki:mta:misc:irt-clark-street-clark-st:1
IRT:Clark Street:Fulton St:A,C,J,Z,2,3,4,5:40.709458:-74.006139:wiki:mta:misc:irt-clark-street-fulton-st:1
IRT:Clark Street:Park Place:A,C,E,2,3:40.712712:-74.007766:wiki:mta:misc:irt-clark-street-park-place:1
IRT:Clark Street:Wall St:2,3:40.707431:-74.008778:wiki:mta:misc:irt-clark-street-wall-st:1
IRT:Dyre Avenue:Baychester Av:5:40.879330:-73.837858:wiki:mta:misc:irt-dyre-avenue-baychester-av:1
IRT:Dyre Avenue:Eastchester-Dyre Av:5:40.887980:-73.831195:wiki:mta:misc:irt-dyre-avenue-eastchester-dyre-av:1
IRT:Dyre Avenue:Gun Hill Rd:5:40.870039:-73.845724:wiki:mta:misc:irt-dyre-avenue-gun-hill-rd:1
IRT:Dyre Avenue:Morris Park:5:40.854544:-73.860248:wiki:mta:misc:irt-dyre-avenue-morris-park:1
IRT:Dyre Avenue:Pelham Pkwy:5:40.858804:-73.855515:wiki:mta:misc:irt-dyre-avenue-pelham-pkwy:1
IRT:Eastern Parkway:Atlantic Av:B,D,N,Q,R,2,3,4,5:40.684976:-73.977880:wiki:mta:misc:irt-eastern-parkway-atlantic-av:1
IRT:Eastern Parkway:Bergen St:2,3:40.680695:-73.974748:wiki:mta:misc:irt-eastern-parkway-bergen-st:1
IRT:Eastern Parkway:Crown Hts-Utica Av:3,4:40.669102:-73.934213:wiki:mta:misc:irt-eastern-parkway-crown-hts-utica-av:1
IRT:Eastern Parkway:Eastern Pkwy-Brooklyn Museum:2,3:40.672122:-73.964154:wiki:mta:misc:irt-eastern-parkway-eastern-pkwy-brooklyn-museum:1
IRT:Eastern Parkway:Franklin Av:FS,2,3,4,5:40.670732:-73.957696:wiki:mta:misc:irt-eastern-parkway-franklin-av:1
IRT:Eastern Parkway:Grand Army Plaza:2,3:40.675110:-73.970822:wiki:mta:misc:irt-eastern-parkway-grand-army-plaza:1
IRT:Eastern Parkway:Hoyt St:2,3:40.690931:-73.985250:wiki:mta:misc:irt-eastern-parkway-hoyt-st:1
IRT:Eastern Parkway:Kingston Av:3:40.669261:-73.941948:wiki:mta:misc:irt-eastern-parkway-kingston-av:1
IRT:Eastern Parkway:Nevins St:2,3,4,5:40.688085:-73.980243:wiki:mta:misc:irt-eastern-parkway-nevins-st:1
IRT:Eastern Parkway:Nostrand Av:3:40.669711:-73.950247:wiki:mta:misc:irt-eastern-parkway-nostrand-av:1
IRT:Flushing:103 St-Corona Plaza:7:40.749787:-73.862389:wiki:mta:misc:irt-flushing-103-st-corona-plaza:1
IRT:Flushing:111 St:7:40.751551:-73.855628:wiki:mta:misc:irt-flushing-111-st:1
IRT:Flushing:33 St-Rawson St:7:40.744724:-73.931533:wiki:mta:misc:irt-flushing-33-st-rawson-st:1
IRT:Flushing:40 St-Lowery St:7:40.743882:-73.924112:wiki:mta:misc:irt-flushing-40-st-lowery-st:1
IRT:Flushing:46 St-Bliss St:7:40.743217:-73.918564:wiki:mta:misc:irt-flushing-46-st-bliss-st:1
IRT:Flushing:5 Av:B,D,F,M,7:40.753409:-73.981130:wiki:mta:misc:irt-flushing-5-av:1
IRT:Flushing:52 St:7:40.743933:-73.913003:wiki:mta:misc:irt-flushing-52-st:1
IRT:Flushing:69 St:7:40.746509:-73.896268:wiki:mta:misc:irt-flushing-69-st:1
IRT:Flushing:74 St-Broadway:E,F,M,R,7:40.747025:-73.891413:wiki:mta:misc:irt-flushing-74-st-broadway:1
IRT:Flushing:82 St-Jackson Hts:7:40.747812:-73.883876:wiki:mta:misc:irt-flushing-82-st-jackson-hts:1
IRT:Flushing:90 St-Elmhurst Av:7:40.748318:-73.876432:wiki:mta:misc:irt-flushing-90-st-elmhurst-av:1
IRT:Flushing:Court Sq:E,G,M,7:40.746232:-73.945322:wiki:mta:misc:irt-flushing-court-sq:1
IRT:Flushing:Flushing-Main St:7:40.759946:-73.828414:wiki:mta:misc:irt-flushing-flushing-main-st:1
IRT:Flushing:Grand Central-42 St:GS,4,5,6,7:40.750851:-73.975078:wiki:mta:misc:irt-flushing-grand-central-42-st:1
IRT:Flushing:Hunters Point Av:7:40.742405:-73.948110:wiki:mta:misc:irt-flushing-hunters-point-av:1
IRT:Flushing:Junction Blvd:7:40.749095:-73.869120:wiki:mta:misc:irt-flushing-junction-blvd:1
IRT:Flushing:Mets-Willets Point:7:40.754768:-73.845598:wiki:mta:misc:irt-flushing-mets-willets-point:1
IRT:Flushing:Queensboro Plaza:N,Q,7:40.750835:-73.939671:wiki:mta:misc:irt-flushing-queensboro-plaza:1
IRT:Flushing:Vernon Blvd-Jackson Av:7:40.742496:-73.952482:wiki:mta:misc:irt-flushing-vernon-blvd-jackson-av:1
IRT:Flushing:Woodside-61 St:7:40.745717:-73.903063:wiki:mta:misc:irt-flushing-woodside-61-st:1
IRT:Jerome:138 St-Grand Concourse:4,5:40.813091:-73.929689:wiki:mta:misc:irt-jerome-138-st-grand-concourse:1
IRT:Jerome:149 St-Grand Concourse:2,4,5:40.818405:-73.927101:wiki:mta:misc:irt-jerome-149-st-grand-concourse:1
IRT:Jerome:161 St-Yankee Stadium:B,D,4:40.827707:-73.925900:wiki:mta:misc:irt-jerome-161-st-yankee-stadium:1
IRT:Jerome:167 St:4:40.835726:-73.921059:wiki:mta:misc:irt-jerome-167-st:1
IRT:Jerome:170 St:4:40.840076:-73.917648:wiki:mta:misc:irt-jerome-170-st:1
IRT:Jerome:176 St:4:40.848501:-73.911633:wiki:mta:misc:irt-jerome-176-st:1
IRT:Jerome:183 St:4:40.858453:-73.903690:wiki:mta:misc:irt-jerome-183-st:1
IRT:Jerome:Bedford Pk Blvd-Lehman College:4:40.873528:-73.889754:wiki:mta:misc:irt-jerome-bedford-pk-blvd-lehman-college:1
IRT:Jerome:Burnside Av:4:40.853596:-73.907393:wiki:mta:misc:irt-jerome-burnside-av:1
IRT:Jerome:Fordham Rd:4:40.862814:-73.900815:wiki:mta:misc:irt-jerome-fordham-rd:1
IRT:Jerome:Kingsbridge Rd:4:40.867766:-73.897039:wiki:mta:misc:irt-jerome-kingsbridge-rd:1
IRT:Jerome:Mosholu Pkwy:4:40.879899:-73.884244:wiki:mta:misc:irt-jerome-mosholu-pkwy:1
IRT:Jerome:Mt Eden Av:4:40.844389:-73.914578:wiki:mta:misc:irt-jerome-mt-eden-av:1
IRT:Jerome:Woodlawn:4:40.886737:-73.878120:wiki:mta:misc:irt-jerome-woodlawn:1
IRT:Lenox:116 St:2,3:40.802111:-73.949437:wiki:mta:misc:irt-lenox-116-st:1
IRT:Lenox:Central Park North (110 St):2,3:40.799033:-73.952058:wiki:mta:misc:irt-lenox-central-park-north-110-st:1
IRT:Lenox:Harlem-148 St:3:40.824069:-73.936981:wiki:mta:misc:irt-lenox-harlem-148-st:1
IRT:Lexington:96 St:6:40.785903:-73.950695:wiki:mta:misc:irt-lexington-96-st:1
IRT:Lexington:Astor Pl:6:40.730084:-73.990838:wiki:mta:misc:irt-lexington-astor-pl:1
IRT:Lexington:Bleecker St:6:40.725845:-73.994320:wiki:mta:misc:irt-lexington-bleecker-st:1
IRT:Lexington:Bowling Green:4,5:40.704629:-74.013502:wiki:mta:misc:irt-lexington-bowling-green:1
IRT:Lexington:Brooklyn Bridge-City Hall:J,Z,4,5,6:40.713899:-74.003642:wiki:mta:misc:irt-lexington-brooklyn-bridge-city-hall:1
IRT:Lexington:Canal St:J,N,Q,R,Z,6:40.718589:-74.000552:wiki:mta:misc:irt-lexington-canal-st:1
IRT:Lexington:Fulton St:A,C,J,Z,2,3,4,5:40.711026:-74.009190:wiki:mta:misc:irt-lexington-fulton-st:1
IRT:Lexington:Grand Central-42 St:GS,4,5,6,7:40.751801:-73.975294:wiki:mta:misc:irt-lexington-grand-central-42-st:1
IRT:Lexington:Spring St:6:40.722235:-73.996818:wiki:mta:misc:irt-lexington-spring-st:1
IRT:Lexington:Wall St:4,5:40.708436:-74.011298:wiki:mta:misc:irt-lexington-wall-st:1
IRT:New Lots:Junius St:3:40.663426:-73.902636:wiki:mta:misc:irt-new-lots-junius-st:1
IRT:New Lots:New Lots Av:3:40.666285:-73.883276:wiki:mta:misc:irt-new-lots-new-lots-av:1
IRT:New Lots:Pennsylvania Av:3:40.664869:-73.893779:wiki:mta:misc:irt-new-lots-pennsylvania-av:1
IRT:New Lots:Rockaway Av:3:40.662401:-73.908809:wiki:mta:misc:irt-new-lots-rockaway-av:1
IRT:New Lots:Saratoga Av:3:40.661558:-73.915225:wiki:mta:misc:irt-new-lots-saratoga-av:1
IRT:New Lots:Sutter Av-Rutland Rd:3:40.664891:-73.922675:wiki:mta:misc:irt-new-lots-sutter-av-rutland-rd:1
IRT:New Lots:Van Siclen Av:3:40.665431:-73.888386:wiki:mta:misc:irt-new-lots-van-siclen-av:1
IRT:Nostrand:Beverly Rd:2,5:40.645046:-73.948684:wiki:mta:misc:irt-nostrand-beverly-rd:1
IRT:Nostrand:Church Av:2,5:40.650748:-73.949384:wiki:mta:misc:irt-nostrand-church-av:1
IRT:Nostrand:Flatbush Av-Brooklyn College:2,5:40.632750:-73.947375:wiki:mta:misc:irt-nostrand-flatbush-av-brooklyn-college:1
IRT:Nostrand:Newkirk Av:2,5:40.639924:-73.948161:wiki:mta:misc:irt-nostrand-newkirk-av:1
IRT:Nostrand:President St:2,5:40.668145:-73.950458:wiki:mta:misc:irt-nostrand-president-st:1
IRT:Nostrand:Sterling St:2,5:40.663226:-73.950670:wiki:mta:misc:irt-nostrand-sterling-st:1
IRT:Nostrand:Winthrop St:2,5:40.657184:-73.949976:wiki:mta:misc:irt-nostrand-winthrop-st:1
IRT:Pelham:Brook Av:6:40.807580:-73.918957:wiki:mta:misc:irt-pelham-brook-av:1
IRT:Pelham:Buhre Av:6:40.847185:-73.832264:wiki:mta:misc:irt-pelham-buhre-av:1
IRT:Pelham:Castle Hill Av:6:40.834321:-73.851440:wiki:mta:misc:irt-pelham-castle-hill-av:1
IRT:Pelham:Cypress Av:6:40.805155:-73.913208:wiki:mta:misc:irt-pelham-cypress-av:1
IRT:Pelham:E 143 St-St Mary's St:6:40.808340:-73.907618:wiki:mta:misc:irt-pelham-e-143-st-st-marys-st:1
IRT:Pelham:E 149 St:6:40.812367:-73.903797:wiki:mta:misc:irt-pelham-e-149-st:1
IRT:Pelham:Elder Av:6:40.828688:-73.879018:wiki:mta:misc:irt-pelham-elder-av:1
IRT:Pelham:Hunts Point Av:6:40.820819:-73.890442:wiki:mta:misc:irt-pelham-hunts-point-av:1
IRT:Pelham:Longwood Av:6:40.816367:-73.895924:wiki:mta:misc:irt-pelham-longwood-av:1
IRT:Pelham:Middletown Rd:6:40.843935:-73.836386:wiki:mta:misc:irt-pelham-middletown-rd:1
IRT:Pelham:Morrison Av-Soundview:6:40.829641:-73.874447:wiki:mta:misc:irt-pelham-morrison-av-soundview:1
IRT:Pelham:Parkchester:6:40.833225:-73.860888:wiki:mta:misc:irt-pelham-parkchester:1
IRT:Pelham:Pelham Bay Park:6:40.853041:-73.826991:wiki:mta:misc:irt-pelham-pelham-bay-park:1
IRT:Pelham:St Lawrence Av:6:40.831466:-73.867410:wiki:mta:misc:irt-pelham-st-lawrence-av:1
IRT:Pelham:Westchester Sq-East Tremont Av:6:40.840128:-73.842875:wiki:mta:misc:irt-pelham-westchester-sq-east-tremont-av:1
IRT:Pelham:Whitlock Av:6:40.827295:-73.886082:wiki:mta:misc:irt-pelham-whitlock-av:1
IRT:Pelham:Zerega Av:6:40.836954:-73.846653:wiki:mta:misc:irt-pelham-zerega-av:1
IRT:Shuttle:Grand Central-42 St:GS,4,5,6,7:40.752830:-73.978917:wiki:mta:misc:irt-shuttle-grand-central-42-st:1
IRT:White Plains:174 St:2,5:40.837306:-73.887287:wiki:mta:misc:irt-white-plains-174-st:1
IRT:White Plains:219 St:2,5:40.883439:-73.862743:wiki:mta:misc:irt-white-plains-219-st:1
IRT:White Plains:225 St:2,5:40.887660:-73.860444:wiki:mta:misc:irt-white-plains-225-st:1
IRT:White Plains:233 St:2,5:40.893215:-73.857344:wiki:mta:misc:irt-white-plains-233-st:1
IRT:White Plains:3 Av-149 St:2,5:40.816265:-73.917456:wiki:mta:misc:irt-white-plains-3-av-149-st:1
IRT:White Plains:Allerton Av:2,5:40.865257:-73.867246:wiki:mta:misc:irt-white-plains-allerton-av:1
IRT:White Plains:Bronx Park East:2,5:40.849128:-73.868213:wiki:mta:misc:irt-white-plains-bronx-park-east:1
IRT:White Plains:Burke Av:2,5:40.871215:-73.867043:wiki:mta:misc:irt-white-plains-burke-av:1
IRT:White Plains:E 180 St:2,5:40.841453:-73.872892:wiki:mta:misc:irt-white-plains-e-180-st:1
IRT:White Plains:Freeman St:2,5:40.830177:-73.891482:wiki:mta:misc:irt-white-plains-freeman-st:1
IRT:White Plains:Gun Hill Rd:2,5:40.877779:-73.866185:wiki:mta:misc:irt-white-plains-gun-hill-rd:1
IRT:White Plains:Intervale Av:2,5:40.822400:-73.896508:wiki:mta:misc:irt-white-plains-intervale-av:1
IRT:White Plains:Jackson Av:2,5:40.816873:-73.907379:wiki:mta:misc:irt-white-plains-jackson-av:1
IRT:White Plains:Nereid Av:2,5:40.898323:-73.854288:wiki:mta:misc:irt-white-plains-nereid-av:1
IRT:White Plains:Pelham Pkwy:2,5:40.858029:-73.867481:wiki:mta:misc:irt-white-plains-pelham-pkwy:1
IRT:White Plains:Prospect Av:2,5:40.819684:-73.901348:wiki:mta:misc:irt-white-plains-prospect-av:1
IRT:White Plains:Simpson St:2,5:40.824358:-73.892724:wiki:mta:misc:irt-white-plains-simpson-st:1
IRT:White Plains:Wakefield-241 St:2,5:40.903509:-73.850124:wiki:mta:misc:irt-white-plains-wakefield-241-st:1
IRT:White Plains:West Farms Sq-E Tremont Av:2,5:40.841078:-73.879397:wiki:mta:misc:irt-white-plains-west-farms-sq-e-tremont-av:1
